segment_id,street,direction,length,observed_speed,predicted_speed,travel_time_minutes,estimated_co2,distance_score,time_score,emission_score,distance_focused_score,balanced_score,sustainability_focused_score
127,Ashland,NB,0.5,19.0,22.5,1.33,104.6,0.3506,0.1191,0.3177,0.2779,0.261,0.2614
129,Ashland,NB,0.5,26.0,24.0,1.25,104.6,0.3506,0.1057,0.3177,0.2739,0.2565,0.2574
131,Ashland,NB,0.5,25.0,23.2,1.29,104.6,0.3506,0.1124,0.3177,0.2759,0.2588,0.2594
132,Ashland,NB,0.23,14.0,14.5,0.95,62.6,0.0,0.0588,0.0812,0.0258,0.0468,0.0664
133,Ashland,SB,0.5,26.0,23.2,1.29,104.6,0.3506,0.1129,0.3177,0.276,0.2589,0.2595
134,Ashland,SB,0.5,23.0,23.2,1.29,104.6,0.3506,0.1129,0.3177,0.276,0.2589,0.2595
135,Ashland,SB,0.5,23.0,22.8,1.32,104.6,0.3506,0.1165,0.3177,0.2771,0.2602,0.2606
136,Ashland,SB,0.5,19.0,22.2,1.35,104.6,0.3506,0.1217,0.3177,0.2787,0.2619,0.2622
137,Ashland,SB,1.0,27.0,25.0,2.4,209.2,1.0,0.2888,0.9059,0.7772,0.7271,0.7301
138,Ashland,SB,0.5,28.0,22.8,1.32,104.6,0.3506,0.1165,0.3177,0.2771,0.2602,0.2606
139,Ashland,SB,0.5,24.0,21.8,1.37,104.6,0.3506,0.1257,0.3177,0.2799,0.2633,0.2634
140,Ashland,SB,0.5,13.0,22.0,1.36,104.6,0.3506,0.1238,0.3177,0.2793,0.2626,0.2628
141,Ashland,SB,0.5,27.0,24.2,1.24,104.6,0.3506,0.1038,0.3177,0.2733,0.2558,0.2568
142,Ashland,SB,0.5,23.0,23.3,1.29,104.6,0.3506,0.1116,0.3177,0.2756,0.2585,0.2591
143,Ashland,SB,0.5,25.0,23.1,1.3,104.6,0.3506,0.1138,0.3177,0.2763,0.2592,0.2598
144,Ashland,SB,0.5,28.0,23.3,1.29,104.6,0.3506,0.1116,0.3177,0.2756,0.2585,0.2591
145,Ashland,SB,0.5,23.0,23.9,1.26,104.6,0.3506,0.1071,0.3177,0.2743,0.257,0.2578
146,Ashland,SB,0.5,20.0,23.1,1.3,104.6,0.3506,0.1138,0.3177,0.2763,0.2592,0.2598
147,Ashland,SB,0.5,30.0,23.2,1.29,104.6,0.3506,0.1124,0.3177,0.2759,0.2588,0.2594
148,Ashland,SB,1.0,20.0,23.0,2.61,209.2,1.0,0.3224,0.9059,0.7873,0.7386,0.7402
151,Ashland,SB,0.5,17.0,22.7,1.32,104.6,0.3506,0.1177,0.3177,0.2775,0.2606,0.261
152,Ashland,SB,0.6,18.0,19.2,1.88,125.5,0.4805,0.2057,0.4353,0.3935,0.3721,0.3709
153,Ashland,SB,0.53,21.0,22.4,1.42,110.9,0.3896,0.1332,0.3529,0.309,0.2903,0.2907
155,Ashland,SB,0.55,25.0,24.3,1.36,115.1,0.4156,0.1231,0.3765,0.3239,0.3033,0.3044
156,Ashland,SB,0.45,3.0,5.4,4.99,169.5,0.2857,0.7033,0.6823,0.4506,0.5586,0.649
157,Ashland,SB,0.55,22.0,22.3,1.48,115.1,0.4156,0.1423,0.3765,0.3297,0.3098,0.3101
158,Ashland,SB,0.45,21.0,21.5,1.25,94.2,0.2857,0.1066,0.2588,0.2293,0.2159,0.2159
159,Ashland,SB,0.5,18.0,22.3,1.35,104.6,0.3506,0.1214,0.3177,0.2786,0.2618,0.2621
160,Ashland,SB,0.5,24.0,24.0,1.25,104.6,0.3506,0.1057,0.3177,0.2739,0.2565,0.2574
161,Ashland,SB,0.5,24.0,22.9,1.31,104.6,0.3506,0.1152,0.3177,0.2767,0.2597,0.2602
162,Ashland,SB,0.5,22.0,22.8,1.31,104.6,0.3506,0.116,0.3177,0.277,0.26,0.2605
166,Ashland,SB,0.5,27.0,24.4,1.23,104.6,0.3506,0.1025,0.3177,0.2729,0.2554,0.2564
168,Irving Park,EB,0.5,27.0,24.4,1.23,104.6,0.3506,0.1025,0.3177,0.2729,0.2554,0.2564
169,55th,WB,0.46,31.0,24.5,1.13,96.2,0.2987,0.0862,0.2706,0.2321,0.2172,0.2181
170,55th,WB,0.5,29.0,24.2,1.24,104.6,0.3506,0.1045,0.3177,0.2735,0.2561,0.257
171,55th,WB,0.5,25.0,24.6,1.22,104.6,0.3506,0.1007,0.3177,0.2724,0.2548,0.2559
172,55th,WB,0.5,29.0,24.2,1.24,104.6,0.3506,0.1045,0.3177,0.2735,0.2561,0.257
173,55th,WB,0.5,22.0,23.2,1.29,104.6,0.3506,0.1125,0.3177,0.2759,0.2588,0.2594
174,55th,WB,0.5,25.0,23.2,1.29,104.6,0.3506,0.1125,0.3177,0.2759,0.2588,0.2594
175,Garfield,WB,0.5,31.0,28.0,1.07,104.6,0.3506,0.0772,0.3177,0.2653,0.2468,0.2488
179,Garfield,WB,0.72,11.0,18.0,2.4,195.8,0.6364,0.2892,0.8306,0.5516,0.5824,0.6487
180,Garfield,WB,0.27,15.0,16.2,1.0,73.4,0.0519,0.0664,0.1423,0.0653,0.0867,0.1105
181,Garfield,WB,0.5,23.0,22.7,1.32,104.6,0.3506,0.1172,0.3177,0.2773,0.2604,0.2608
186,North,EB,0.51,19.0,23.1,1.33,106.7,0.3636,0.1179,0.3294,0.2865,0.2688,0.2694
187,North,EB,0.49,20.0,22.7,1.29,102.5,0.3377,0.113,0.3059,0.2671,0.2508,0.2512
188,North,EB,0.5,31.0,24.6,1.22,104.6,0.3506,0.1013,0.3177,0.2725,0.255,0.256
189,North,EB,0.51,27.0,24.5,1.25,106.7,0.3636,0.1055,0.3294,0.2828,0.2646,0.2657
190,North,EB,0.49,27.0,24.2,1.22,102.5,0.3377,0.1006,0.3059,0.2634,0.2466,0.2475
191,North,EB,0.5,27.0,24.4,1.23,104.6,0.3506,0.1023,0.3177,0.2729,0.2553,0.2564
192,North,EB,0.5,22.0,23.1,1.3,104.6,0.3506,0.1134,0.3177,0.2762,0.2591,0.2597
193,North,EB,0.28,25.0,23.7,0.71,58.6,0.0649,0.0194,0.0588,0.0507,0.0474,0.0476
194,North,EB,0.72,14.0,19.0,2.28,150.6,0.6364,0.27,0.5764,0.5205,0.492,0.4905
195,North,EB,0.78,25.0,23.9,1.96,163.2,0.7143,0.2186,0.6471,0.5589,0.5236,0.5253
196,North,WB,0.56,30.0,26.4,1.27,117.2,0.4286,0.1093,0.3882,0.3288,0.3067,0.3086
197,North,WB,0.5,28.0,27.3,1.1,104.6,0.3506,0.0815,0.3177,0.2666,0.2483,0.2501
204,North,WB,0.49,33.0,29.8,0.99,102.5,0.3377,0.0641,0.3059,0.2524,0.2341,0.2365
205,North,WB,0.5,21.0,23.0,1.3,104.6,0.3506,0.1146,0.3177,0.2765,0.2595,0.26
206,North,WB,0.51,22.0,22.3,1.37,106.7,0.3636,0.1258,0.3294,0.2889,0.2715,0.2718
207,North,WB,0.49,24.0,23.0,1.28,102.5,0.3377,0.1105,0.3059,0.2663,0.2499,0.2504
208,North,WB,0.5,20.0,22.0,1.36,104.6,0.3506,0.1236,0.3177,0.2792,0.2626,0.2627
209,North,WB,0.5,20.0,21.6,1.39,104.6,0.3506,0.1281,0.3177,0.2806,0.2641,0.2641
210,North,WB,0.28,22.0,22.4,0.75,58.6,0.0649,0.0259,0.0588,0.0526,0.0496,0.0496
1,55th,EB,0.5,21.0,23.4,1.28,104.6,0.3506,0.111,0.3177,0.2754,0.2583,0.2589
2,55th,EB,0.5,20.0,23.9,1.25,104.6,0.3506,0.1066,0.3177,0.2741,0.2568,0.2577
3,55th,EB,0.5,24.0,24.7,1.21,104.6,0.3506,0.0999,0.3177,0.2721,0.2545,0.2556
4,55th,EB,0.5,18.0,19.3,1.55,104.6,0.3506,0.1541,0.3177,0.2884,0.2729,0.2719
5,Garfield,EB,0.5,27.0,26.8,1.12,104.6,0.3506,0.0849,0.3177,0.2676,0.2494,0.2511
6,Garfield,EB,0.5,26.0,26.2,1.14,104.6,0.3506,0.0889,0.3177,0.2688,0.2508,0.2523
7,Garfield,EB,0.5,26.0,26.8,1.12,104.6,0.3506,0.0853,0.3177,0.2677,0.2495,0.2512
8,Garfield,EB,0.5,27.0,25.9,1.16,104.6,0.3506,0.0915,0.3177,0.2696,0.2517,0.2531
9,Garfield,EB,0.72,24.0,23.4,1.84,150.6,0.6364,0.2006,0.5764,0.4996,0.4684,0.4697
10,Garfield,EB,0.27,26.0,25.3,0.64,56.5,0.0519,0.0088,0.0471,0.0385,0.0357,0.0361
12,Archer,WB,0.5,29.0,27.6,1.09,104.6,0.3506,0.0798,0.3177,0.2661,0.2477,0.2496
13,Archer,WB,0.5,25.0,26.8,1.12,104.6,0.3506,0.0848,0.3177,0.2676,0.2494,0.2511
14,55th,WB,0.5,27.0,27.1,1.11,104.6,0.3506,0.083,0.3177,0.2671,0.2488,0.2506
19,Pulaski,NB,0.5,40.0,34.9,0.86,76.4,0.3506,0.0436,0.1593,0.2394,0.1831,0.1437
20,Pulaski,NB,0.5,31.0,31.9,0.94,76.4,0.3506,0.0566,0.1593,0.2433,0.1875,0.1476
21,Pulaski,NB,0.5,35.0,32.8,0.91,76.4,0.3506,0.0522,0.1593,0.242,0.186,0.1463
22,Pulaski,NB,0.5,39.0,34.9,0.86,76.4,0.3506,0.0436,0.1593,0.2394,0.1831,0.1437
25,Pulaski,NB,0.5,24.0,23.9,1.25,104.6,0.3506,0.1064,0.3177,0.2741,0.2567,0.2576
26,Pulaski,NB,0.5,26.0,25.2,1.19,104.6,0.3506,0.0962,0.3177,0.271,0.2533,0.2545
27,Pulaski,NB,1.0,18.0,19.6,3.07,209.2,1.0,0.3961,0.9059,0.8094,0.7636,0.7624
33,Pulaski,NB,0.38,16.0,19.3,1.18,79.5,0.1948,0.0947,0.1765,0.1629,0.1547,0.1538
34,Pulaski,NB,0.5,21.0,25.5,1.17,104.6,0.3506,0.0938,0.3177,0.2703,0.2525,0.2538
35,Pulaski,NB,0.53,25.0,26.4,1.21,110.9,0.3896,0.099,0.3529,0.2988,0.2787,0.2804
36,Pulaski,NB,0.95,31.0,26.5,2.15,198.8,0.9351,0.2496,0.847,0.7206,0.673,0.6766
37,Pulaski,NB,0.5,19.0,25.8,1.16,104.6,0.3506,0.092,0.3177,0.2698,0.2518,0.2533
38,Pulaski,NB,0.5,20.0,24.1,1.24,104.6,0.3506,0.1048,0.3177,0.2736,0.2562,0.2571
39,Pulaski,NB,0.5,23.0,25.4,1.18,104.6,0.3506,0.0951,0.3177,0.2707,0.2529,0.2542
44,Pulaski,NB,0.68,16.0,20.3,2.01,142.3,0.5844,0.2266,0.5294,0.4716,0.4446,0.4441
45,Pulaski,NB,0.5,18.0,22.8,1.31,104.6,0.3506,0.1161,0.3177,0.277,0.26,0.2605
46,Pulaski,NB,0.24,14.0,15.3,0.94,65.3,0.013,0.0563,0.0964,0.0343,0.0553,0.0761
47,Pulaski,NB,0.5,27.0,22.3,1.35,104.6,0.3506,0.1212,0.3177,0.2785,0.2617,0.262
48,Pulaski,NB,0.5,19.0,22.3,1.35,104.6,0.3506,0.1212,0.3177,0.2785,0.2617,0.262
50,Pulaski,NB,0.5,20.0,25.2,1.19,104.6,0.3506,0.0962,0.3177,0.271,0.2532,0.2545
51,Pulaski,NB,0.65,18.0,18.9,2.07,136.0,0.5455,0.2366,0.4941,0.4477,0.4235,0.422
52,Pulaski,NB,0.85,29.0,26.7,1.91,177.8,0.8052,0.2114,0.7294,0.6195,0.5783,0.5816
53,Pulaski,NB,0.4,27.0,24.2,0.99,83.7,0.2208,0.0644,0.2,0.1718,0.1608,0.1614
60,Pulaski,SB,0.5,32.0,27.2,1.1,104.6,0.3506,0.0827,0.3177,0.267,0.2487,0.2505
61,Pulaski,SB,0.5,34.0,26.7,1.12,104.6,0.3506,0.0859,0.3177,0.2679,0.2498,0.2514
62,Pulaski,SB,0.5,23.0,26.2,1.15,104.6,0.3506,0.0895,0.3177,0.269,0.251,0.2525
63,Pulaski,SB,0.5,27.0,21.3,1.41,104.6,0.3506,0.1309,0.3177,0.2814,0.2651,0.2649
64,Pulaski,SB,0.5,26.0,26.3,1.14,104.6,0.3506,0.0886,0.3177,0.2687,0.2507,0.2523
65,Pulaski,SB,0.5,18.0,23.5,1.28,104.6,0.3506,0.1106,0.3177,0.2753,0.2581,0.2588
69,Pulaski,SB,0.5,27.0,24.1,1.24,104.6,0.3506,0.1048,0.3177,0.2736,0.2562,0.2571
70,Pulaski,SB,0.5,23.0,23.6,1.27,104.6,0.3506,0.1095,0.3177,0.275,0.2578,0.2585
71,Pulaski,SB,0.5,26.0,25.0,1.2,104.6,0.3506,0.0976,0.3177,0.2714,0.2537,0.255
72,Pulaski,SB,0.62,18.0,20.3,1.83,129.7,0.5065,0.1992,0.4588,0.4095,0.3863,0.3857
78,Pulaski,SB,0.5,20.0,21.6,1.39,104.6,0.3506,0.1283,0.3177,0.2807,0.2642,0.2642
79,Pulaski,SB,0.5,20.0,22.1,1.36,104.6,0.3506,0.1232,0.3177,0.2791,0.2624,0.2626
80,Pulaski,SB,0.5,17.0,23.6,1.27,104.6,0.3506,0.1092,0.3177,0.2749,0.2577,0.2584
82,Pulaski,SB,0.46,18.0,22.4,1.23,96.2,0.2987,0.1029,0.2706,0.2371,0.2229,0.2231
85,Pulaski,SB,0.5,23.0,24.0,1.25,104.6,0.3506,0.1059,0.3177,0.2739,0.2565,0.2574
86,Pulaski,SB,0.24,22.0,19.9,0.72,50.2,0.013,0.0216,0.0118,0.0155,0.0155,0.0148
87,Pulaski,SB,0.5,16.0,23.5,1.28,104.6,0.3506,0.1104,0.3177,0.2753,0.2581,0.2588
88,Pulaski,SB,0.5,16.0,21.1,1.42,104.6,0.3506,0.133,0.3177,0.2821,0.2658,0.2656
89,Pulaski,SB,0.5,27.0,23.8,1.26,104.6,0.3506,0.1074,0.3177,0.2744,0.2571,0.2579
90,Pulaski,SB,0.5,27.0,24.0,1.25,104.6,0.3506,0.1061,0.3177,0.274,0.2566,0.2575
91,Pulaski,SB,0.65,24.0,23.5,1.66,136.0,0.5455,0.1715,0.4941,0.4281,0.4014,0.4025
92,Pulaski,SB,0.85,25.0,24.9,2.05,177.8,0.8052,0.2338,0.7294,0.6262,0.5859,0.5883
93,Pulaski,SB,0.4,21.0,22.5,1.06,83.7,0.2208,0.0763,0.2,0.1754,0.1648,0.165
94,Pulaski,SB,0.6,31.0,22.7,1.59,125.5,0.4805,0.1596,0.4353,0.3797,0.3565,0.3571
96,Pulaski,SB,0.5,35.0,25.2,1.19,104.6,0.3506,0.0965,0.3177,0.2711,0.2533,0.2546
97,Pulaski,SB,0.5,25.0,23.8,1.26,104.6,0.3506,0.1071,0.3177,0.2743,0.257,0.2578
98,Ashland,NB,0.5,23.0,23.5,1.28,104.6,0.3506,0.1103,0.3177,0.2753,0.2581,0.2588
99,Ashland,NB,0.5,24.0,24.7,1.21,104.6,0.3506,0.0999,0.3177,0.2721,0.2545,0.2556
102,Ashland,NB,1.0,20.0,22.7,2.65,209.2,1.0,0.3286,0.9059,0.7892,0.7407,0.7421
103,Ashland,NB,0.5,28.0,24.7,1.22,104.6,0.3506,0.1003,0.3177,0.2723,0.2547,0.2558
104,Ashland,NB,0.5,28.0,24.7,1.21,104.6,0.3506,0.1001,0.3177,0.2722,0.2546,0.2557
105,Ashland,NB,0.5,31.0,26.7,1.12,104.6,0.3506,0.0855,0.3177,0.2678,0.2496,0.2513
106,Ashland,NB,0.5,21.0,23.6,1.27,104.6,0.3506,0.1094,0.3177,0.275,0.2577,0.2585
107,Ashland,NB,0.5,25.0,24.3,1.23,104.6,0.3506,0.1034,0.3177,0.2732,0.2557,0.2567
108,Ashland,NB,0.5,23.0,24.3,1.24,104.6,0.3506,0.1037,0.3177,0.2733,0.2558,0.2568
109,Ashland,NB,0.5,23.0,23.3,1.29,104.6,0.3506,0.1123,0.3177,0.2758,0.2587,0.2593
110,Ashland,NB,0.5,25.0,24.3,1.23,104.6,0.3506,0.1034,0.3177,0.2732,0.2557,0.2567
111,Ashland,NB,0.5,18.0,23.3,1.29,104.6,0.3506,0.1121,0.3177,0.2758,0.2587,0.2593
112,Ashland,NB,0.5,25.0,24.6,1.22,104.6,0.3506,0.1011,0.3177,0.2725,0.2549,0.256
114,Ashland,NB,0.4,16.0,17.0,1.41,108.8,0.2208,0.1312,0.3412,0.2059,0.23,0.2661
115,Ashland,NB,0.6,20.0,21.2,1.7,125.5,0.4805,0.177,0.4353,0.3849,0.3624,0.3623
116,Ashland,NB,0.5,21.0,23.0,1.3,104.6,0.3506,0.1144,0.3177,0.2765,0.2594,0.26
117,Ashland,NB,0.6,19.0,21.4,1.68,125.5,0.4805,0.1745,0.4353,0.3842,0.3616,0.3616
118,Ashland,NB,0.53,25.0,23.2,1.37,110.9,0.3896,0.1256,0.3529,0.3067,0.2877,0.2884
119,Ashland,NB,0.35,20.0,21.5,0.98,73.2,0.1558,0.0621,0.1411,0.1263,0.1191,0.1189
120,Ashland,NB,0.55,26.0,23.2,1.42,115.1,0.4156,0.133,0.3765,0.3269,0.3066,0.3074
121,Ashland,NB,0.45,20.0,21.5,1.25,94.2,0.2857,0.1066,0.2588,0.2293,0.2159,0.2159
122,Ashland,NB,0.55,27.0,23.2,1.42,115.1,0.4156,0.133,0.3765,0.3269,0.3066,0.3074
123,Ashland,NB,0.45,15.0,21.5,1.25,94.2,0.2857,0.1066,0.2588,0.2293,0.2159,0.2159
124,Ashland,NB,0.5,20.0,22.9,1.31,104.6,0.3506,0.1152,0.3177,0.2767,0.2597,0.2602
125,Ashland,NB,0.5,16.0,21.6,1.39,104.6,0.3506,0.1277,0.3177,0.2805,0.264,0.264
126,Ashland,NB,0.5,17.0,21.6,1.39,104.6,0.3506,0.1277,0.3177,0.2805,0.264,0.264
133,Ashland,SB,0.5,29.0,24.9,1.21,104.6,0.3506,0.0991,0.3177,0.2719,0.2542,0.2554
134,Ashland,SB,0.5,23.0,24.9,1.21,104.6,0.3506,0.0991,0.3177,0.2719,0.2542,0.2554
136,Ashland,SB,0.5,27.0,25.8,1.16,104.6,0.3506,0.0923,0.3177,0.2699,0.2519,0.2534
137,Ashland,SB,1.0,26.0,24.6,2.44,209.2,1.0,0.2957,0.9059,0.7793,0.7295,0.7322
139,Ashland,SB,0.5,0.0,18.6,1.61,136.0,0.3506,0.1638,0.4941,0.3089,0.3345,0.3807
140,Ashland,SB,0.5,23.0,23.7,1.26,104.6,0.3506,0.108,0.3177,0.2746,0.2573,0.2581
141,Ashland,SB,0.5,25.0,24.9,1.21,104.6,0.3506,0.0991,0.3177,0.2719,0.2542,0.2554
142,Ashland,SB,0.5,25.0,24.9,1.21,104.6,0.3506,0.0991,0.3177,0.2719,0.2542,0.2554
143,Ashland,SB,0.5,20.0,23.5,1.28,104.6,0.3506,0.1103,0.3177,0.2752,0.258,0.2588
144,Ashland,SB,0.5,24.0,25.5,1.18,104.6,0.3506,0.0941,0.3177,0.2704,0.2526,0.2539
150,Ashland,SB,0.6,22.0,22.6,1.59,125.5,0.4805,0.1602,0.4353,0.3799,0.3567,0.3573
1,55th,EB,0.5,26.0,27.6,1.09,104.6,0.3506,0.0797,0.3177,0.2661,0.2477,0.2496
2,55th,EB,0.5,26.0,26.3,1.14,104.6,0.3506,0.0885,0.3177,0.2687,0.2506,0.2522
3,55th,EB,0.5,28.0,27.2,1.1,104.6,0.3506,0.0827,0.3177,0.267,0.2487,0.2505
151,Ashland,SB,0.5,22.0,24.4,1.23,104.6,0.3506,0.103,0.3177,0.273,0.2555,0.2565
152,Ashland,SB,0.6,29.0,24.1,1.49,125.5,0.4805,0.1446,0.4353,0.3752,0.3514,0.3526
153,Ashland,SB,0.53,23.0,22.8,1.4,110.9,0.3896,0.1291,0.3529,0.3078,0.2889,0.2895
154,Ashland,SB,0.35,25.0,22.6,0.93,73.2,0.1558,0.0546,0.1411,0.124,0.1166,0.1166
155,Ashland,SB,0.55,25.0,24.7,1.34,115.1,0.4156,0.1195,0.3765,0.3229,0.302,0.3033
160,Ashland,SB,0.5,16.0,22.6,1.33,104.6,0.3506,0.1186,0.3177,0.2777,0.2609,0.2612
161,Ashland,SB,0.5,24.0,22.7,1.32,104.6,0.3506,0.1169,0.3177,0.2772,0.2603,0.2607
162,Ashland,SB,0.5,19.0,22.1,1.36,104.6,0.3506,0.1228,0.3177,0.279,0.2623,0.2625
166,Ashland,SB,0.5,24.0,25.1,1.2,104.6,0.3506,0.0974,0.3177,0.2714,0.2537,0.2549
174,55th,WB,0.5,14.0,21.6,1.39,104.6,0.3506,0.1278,0.3177,0.2805,0.264,0.264
175,Garfield,WB,0.5,18.0,20.9,1.44,104.6,0.3506,0.1357,0.3177,0.2829,0.2667,0.2664
176,Garfield,WB,0.5,16.0,20.9,1.44,104.6,0.3506,0.1357,0.3177,0.2829,0.2667,0.2664
177,Garfield,WB,0.5,27.0,26.9,1.12,104.6,0.3506,0.0846,0.3177,0.2675,0.2493,0.251
179,Garfield,WB,0.72,31.0,27.7,1.56,150.6,0.6364,0.1549,0.5764,0.4859,0.4529,0.456
180,Garfield,WB,0.27,23.0,22.7,0.71,56.5,0.0519,0.0203,0.0471,0.042,0.0396,0.0395
181,Garfield,WB,0.5,21.0,23.0,1.3,104.6,0.3506,0.1142,0.3177,0.2764,0.2594,0.2599
185,87th,EB,0.5,23.0,24.0,1.25,104.6,0.3506,0.1059,0.3177,0.2739,0.2565,0.2574
188,North,EB,0.5,25.0,25.2,1.19,104.6,0.3506,0.0964,0.3177,0.2711,0.2533,0.2546
189,North,EB,0.51,25.0,23.8,1.28,106.7,0.3636,0.1113,0.3294,0.2845,0.2665,0.2674
190,North,EB,0.49,23.0,22.9,1.28,102.5,0.3377,0.1114,0.3059,0.2666,0.2502,0.2507
191,North,EB,0.5,19.0,23.6,1.27,104.6,0.3506,0.1094,0.3177,0.275,0.2577,0.2585
192,North,EB,0.5,20.0,23.3,1.29,104.6,0.3506,0.1115,0.3177,0.2756,0.2585,0.2591
195,North,EB,0.78,25.0,24.1,1.94,163.2,0.7143,0.2158,0.6471,0.558,0.5226,0.5244
196,North,WB,0.56,27.0,25.9,1.3,117.2,0.4286,0.1131,0.3882,0.3299,0.308,0.3097
197,North,WB,0.5,27.0,25.6,1.17,104.6,0.3506,0.0935,0.3177,0.2702,0.2523,0.2537
198,North,WB,0.48,27.0,26.2,1.1,100.4,0.3247,0.0816,0.2941,0.2487,0.232,0.2334
199,North,WB,0.51,23.0,21.8,1.41,106.7,0.3636,0.1308,0.3294,0.2904,0.2732,0.2733
200,North,WB,0.51,17.0,22.2,1.38,106.7,0.3636,0.1261,0.3294,0.289,0.2716,0.2718
202,North,WB,0.5,27.0,24.4,1.23,104.6,0.3506,0.1025,0.3177,0.2729,0.2554,0.2564
203,North,WB,0.51,23.0,22.0,1.39,106.7,0.3636,0.1281,0.3294,0.2895,0.2722,0.2724
204,North,WB,0.49,23.0,22.8,1.29,102.5,0.3377,0.1125,0.3059,0.2669,0.2506,0.251
205,North,WB,0.5,25.0,22.3,1.34,104.6,0.3506,0.1206,0.3177,0.2784,0.2616,0.2619
209,North,WB,0.5,26.0,21.3,1.41,104.6,0.3506,0.1307,0.3177,0.2814,0.265,0.2649
210,North,WB,0.28,25.0,24.2,0.7,58.6,0.0649,0.0174,0.0588,0.0501,0.0468,0.047
30,Pulaski,NB,0.5,28.0,27.1,1.11,104.6,0.3506,0.083,0.3177,0.267,0.2488,0.2506
31,Pulaski,NB,0.5,27.0,27.2,1.1,104.6,0.3506,0.0823,0.3177,0.2668,0.2485,0.2504
32,Pulaski,NB,0.62,19.0,22.6,1.65,129.7,0.5065,0.1696,0.4588,0.4007,0.3762,0.3768
33,Pulaski,NB,0.38,35.0,26.2,0.87,79.5,0.1948,0.0454,0.1765,0.1482,0.138,0.139
37,Pulaski,NB,0.5,33.0,27.8,1.08,104.6,0.3506,0.0784,0.3177,0.2657,0.2472,0.2492
38,Pulaski,NB,0.5,34.0,27.7,1.08,104.6,0.3506,0.0789,0.3177,0.2658,0.2474,0.2493
39,Pulaski,NB,0.5,31.0,27.8,1.08,104.6,0.3506,0.0787,0.3177,0.2658,0.2473,0.2493
41,Pulaski,NB,0.62,17.0,23.5,1.58,129.7,0.5065,0.1591,0.4588,0.3975,0.3726,0.3737
42,Pulaski,NB,0.46,16.0,18.2,1.52,125.1,0.2987,0.149,0.4329,0.2672,0.2921,0.3343
43,Pulaski,NB,0.24,19.0,22.8,0.63,50.2,0.013,0.0071,0.0118,0.0111,0.0106,0.0105
44,Pulaski,NB,0.68,21.0,24.4,1.67,142.3,0.5844,0.173,0.5294,0.4555,0.4264,0.428
48,Pulaski,NB,0.5,25.0,26.7,1.12,104.6,0.3506,0.0855,0.3177,0.2678,0.2496,0.2513
49,Pulaski,NB,0.5,25.0,26.8,1.12,104.6,0.3506,0.0849,0.3177,0.2676,0.2494,0.2511
50,Pulaski,NB,0.5,29.0,27.3,1.1,104.6,0.3506,0.0817,0.3177,0.2667,0.2483,0.2502
51,Pulaski,NB,0.65,27.0,24.7,1.58,136.0,0.5455,0.1586,0.4941,0.4243,0.397,0.3986
62,Pulaski,SB,0.5,31.0,28.7,1.05,104.6,0.3506,0.0735,0.3177,0.2642,0.2455,0.2477
63,Pulaski,SB,0.5,33.0,27.2,1.1,104.6,0.3506,0.0822,0.3177,0.2668,0.2485,0.2503
64,Pulaski,SB,0.5,33.0,28.4,1.06,104.6,0.3506,0.0751,0.3177,0.2647,0.2461,0.2482
65,Pulaski,SB,0.5,25.0,26.3,1.14,104.6,0.3506,0.0888,0.3177,0.2688,0.2507,0.2523
66,Pulaski,SB,0.5,25.0,26.3,1.14,104.6,0.3506,0.0888,0.3177,0.2688,0.2507,0.2523
67,Pulaski,SB,1.0,29.0,26.9,2.23,209.2,1.0,0.2624,0.9059,0.7693,0.7182,0.7222
72,Pulaski,SB,0.62,25.0,25.4,1.46,129.7,0.5065,0.1398,0.4588,0.3917,0.3661,0.3679
73,Pulaski,SB,0.38,26.0,25.7,0.89,79.5,0.1948,0.0478,0.1765,0.1489,0.1388,0.1397
74,Pulaski,SB,0.5,32.0,29.0,1.03,104.6,0.3506,0.0713,0.3177,0.2635,0.2448,0.247
75,Pulaski,SB,0.53,36.0,29.3,1.08,110.9,0.3896,0.0794,0.3529,0.2929,0.272,0.2745
76,Pulaski,SB,0.95,32.0,30.6,1.86,198.8,0.9351,0.2035,0.847,0.7068,0.6573,0.6628
77,Pulaski,SB,0.5,25.0,25.7,1.17,104.6,0.3506,0.093,0.3177,0.2701,0.2522,0.2536
78,Pulaski,SB,0.5,25.0,24.3,1.24,104.6,0.3506,0.1035,0.3177,0.2732,0.2557,0.2567
85,Pulaski,SB,0.5,29.0,26.9,1.12,104.6,0.3506,0.0844,0.3177,0.2675,0.2492,0.251
86,Pulaski,SB,0.24,21.0,19.3,0.75,50.2,0.013,0.0255,0.0118,0.0166,0.0168,0.016
87,Pulaski,SB,0.5,18.0,23.2,1.29,104.6,0.3506,0.1125,0.3177,0.2759,0.2588,0.2594
92,Pulaski,SB,0.85,28.0,28.0,1.82,177.8,0.8052,0.1971,0.7294,0.6152,0.5734,0.5773
93,Pulaski,SB,0.4,27.0,25.5,0.94,83.7,0.2208,0.0568,0.2,0.1695,0.1582,0.1591
94,Pulaski,SB,0.6,26.0,25.4,1.42,125.5,0.4805,0.1326,0.4353,0.3716,0.3473,0.349
101,Ashland,NB,0.5,26.0,26.7,1.12,104.6,0.3506,0.0854,0.3177,0.2678,0.2496,0.2513
102,Ashland,NB,1.0,30.0,30.2,1.99,209.2,1.0,0.2234,0.9059,0.7576,0.7049,0.7106
103,Ashland,NB,0.5,31.0,26.7,1.12,104.6,0.3506,0.0855,0.3177,0.2678,0.2496,0.2513
104,Ashland,NB,0.5,27.0,26.7,1.12,104.6,0.3506,0.0855,0.3177,0.2678,0.2496,0.2513
105,Ashland,NB,0.5,29.0,26.4,1.14,104.6,0.3506,0.088,0.3177,0.2686,0.2505,0.2521
106,Ashland,NB,0.5,28.0,26.7,1.12,104.6,0.3506,0.0859,0.3177,0.2679,0.2498,0.2514
114,Ashland,NB,0.4,20.0,23.5,1.02,83.7,0.2208,0.0697,0.2,0.1734,0.1626,0.163
115,Ashland,NB,0.6,20.0,22.5,1.6,125.5,0.4805,0.1614,0.4353,0.3803,0.3571,0.3577
116,Ashland,NB,0.5,27.0,24.5,1.22,104.6,0.3506,0.1015,0.3177,0.2726,0.2551,0.2561
117,Ashland,NB,0.6,20.0,21.9,1.65,125.5,0.4805,0.1691,0.4353,0.3826,0.3597,0.36
122,Ashland,NB,0.55,23.0,23.4,1.41,115.1,0.4156,0.1312,0.3765,0.3264,0.306,0.3068
123,Ashland,NB,0.45,23.0,22.7,1.19,94.2,0.2857,0.0958,0.2588,0.2261,0.2123,0.2126
124,Ashland,NB,0.5,27.0,23.2,1.3,104.6,0.3506,0.1132,0.3177,0.2761,0.259,0.2596
125,Ashland,NB,0.5,20.0,24.6,1.22,104.6,0.3506,0.1008,0.3177,0.2724,0.2548,0.2559
126,Ashland,NB,0.5,23.0,24.5,1.22,104.6,0.3506,0.1015,0.3177,0.2726,0.2551,0.2561
133,Ashland,SB,0.5,33.0,26.4,1.14,104.6,0.3506,0.0879,0.3177,0.2685,0.2504,0.252
132,Ashland,NB,0.23,21.0,20.4,0.68,48.1,0.0,0.0145,0.0,0.0043,0.0049,0.0043
134,Ashland,SB,0.5,23.0,26.4,1.14,104.6,0.3506,0.0879,0.3177,0.2685,0.2504,0.252
135,Ashland,SB,0.5,29.0,26.4,1.14,104.6,0.3506,0.0879,0.3177,0.2685,0.2504,0.252
136,Ashland,SB,0.5,31.0,26.4,1.14,104.6,0.3506,0.0879,0.3177,0.2685,0.2504,0.252
145,Ashland,SB,0.5,33.0,27.9,1.07,104.6,0.3506,0.078,0.3177,0.2655,0.247,0.2491
146,Ashland,SB,0.5,25.0,26.7,1.13,104.6,0.3506,0.086,0.3177,0.268,0.2498,0.2515
147,Ashland,SB,0.5,30.0,26.1,1.15,104.6,0.3506,0.0897,0.3177,0.2691,0.251,0.2526
150,Ashland,SB,0.6,23.0,23.8,1.51,125.5,0.4805,0.1475,0.4353,0.3761,0.3524,0.3535
151,Ashland,SB,0.5,25.0,25.7,1.17,104.6,0.3506,0.0926,0.3177,0.2699,0.252,0.2534
152,Ashland,SB,0.6,28.0,23.7,1.52,125.5,0.4805,0.1491,0.4353,0.3766,0.3529,0.354
161,Ashland,SB,0.5,26.0,24.3,1.24,104.6,0.3506,0.1037,0.3177,0.2733,0.2558,0.2568
162,Ashland,SB,0.5,28.0,24.3,1.24,104.6,0.3506,0.1037,0.3177,0.2733,0.2558,0.2568
166,Ashland,SB,0.5,31.0,24.9,1.21,104.6,0.3506,0.099,0.3177,0.2718,0.2542,0.2554
171,55th,WB,0.5,23.0,24.7,1.21,104.6,0.3506,0.1001,0.3177,0.2722,0.2546,0.2557
172,55th,WB,0.5,17.0,24.7,1.21,104.6,0.3506,0.1001,0.3177,0.2722,0.2546,0.2557
173,55th,WB,0.5,17.0,23.8,1.26,104.6,0.3506,0.1077,0.3177,0.2745,0.2572,0.258
174,55th,WB,0.5,20.0,24.1,1.24,104.6,0.3506,0.105,0.3177,0.2737,0.2562,0.2572
175,Garfield,WB,0.5,25.0,24.9,1.21,104.6,0.3506,0.0988,0.3177,0.2718,0.2541,0.2553
1,55th,EB,0.5,35.0,27.5,1.09,104.6,0.3506,0.0807,0.3177,0.2664,0.248,0.2499
2,55th,EB,0.5,27.0,25.7,1.17,104.6,0.3506,0.0929,0.3177,0.27,0.2521,0.2535
3,55th,EB,0.5,27.0,26.9,1.11,104.6,0.3506,0.0841,0.3177,0.2674,0.2491,0.2509
4,55th,EB,0.5,27.0,26.9,1.11,104.6,0.3506,0.0841,0.3177,0.2674,0.2491,0.2509
9,Garfield,EB,0.72,25.0,23.6,1.83,150.6,0.6364,0.1987,0.5764,0.4991,0.4678,0.4691
10,Garfield,EB,0.27,23.0,24.5,0.66,56.5,0.0519,0.0118,0.0471,0.0394,0.0367,0.037
11,Garfield,EB,0.5,18.0,23.4,1.28,104.6,0.3506,0.1108,0.3177,0.2754,0.2582,0.2589
31,Pulaski,NB,0.5,29.0,26.8,1.12,104.6,0.3506,0.0853,0.3177,0.2678,0.2496,0.2513
32,Pulaski,NB,0.62,19.0,22.2,1.68,129.7,0.5065,0.1744,0.4588,0.4021,0.3778,0.3783
33,Pulaski,NB,0.38,27.0,26.1,0.87,79.5,0.1948,0.0457,0.1765,0.1483,0.1381,0.1391
37,Pulaski,NB,0.5,25.0,26.2,1.14,104.6,0.3506,0.089,0.3177,0.2689,0.2508,0.2524
38,Pulaski,NB,0.5,31.0,28.8,1.04,104.6,0.3506,0.0725,0.3177,0.2639,0.2452,0.2474
39,Pulaski,NB,0.5,33.0,28.4,1.06,104.6,0.3506,0.0748,0.3177,0.2646,0.246,0.2481
40,Pulaski,NB,0.5,34.0,29.2,1.03,104.6,0.3506,0.0703,0.3177,0.2632,0.2444,0.2467
41,Pulaski,NB,0.62,27.0,25.8,1.44,129.7,0.5065,0.1368,0.4588,0.3908,0.3651,0.367
42,Pulaski,NB,0.46,29.0,26.4,1.04,96.2,0.2987,0.0731,0.2706,0.2282,0.2127,0.2142
43,Pulaski,NB,0.24,27.0,24.6,0.59,50.2,0.013,0.0,0.0118,0.009,0.0082,0.0084
44,Pulaski,NB,0.68,33.0,22.9,1.78,142.3,0.5844,0.1912,0.5294,0.4609,0.4326,0.4335
46,Pulaski,NB,0.24,21.0,22.6,0.64,50.2,0.013,0.0082,0.0118,0.0114,0.011,0.0108
47,Pulaski,NB,0.5,24.0,26.7,1.12,104.6,0.3506,0.0854,0.3177,0.2678,0.2496,0.2513
48,Pulaski,NB,0.5,27.0,24.7,1.21,104.6,0.3506,0.1,0.3177,0.2722,0.2545,0.2557
49,Pulaski,NB,0.5,17.0,25.8,1.16,104.6,0.3506,0.0923,0.3177,0.2698,0.2519,0.2534
50,Pulaski,NB,0.5,34.0,27.3,1.1,104.6,0.3506,0.0816,0.3177,0.2666,0.2483,0.2501
51,Pulaski,NB,0.65,27.0,25.1,1.56,136.0,0.5455,0.1548,0.4941,0.4231,0.3957,0.3975
52,Pulaski,NB,0.85,29.0,28.6,1.78,177.8,0.8052,0.1905,0.7294,0.6132,0.5712,0.5753
178,Garfield,WB,0.5,21.0,23.0,1.3,104.6,0.3506,0.1143,0.3177,0.2765,0.2594,0.26
179,Garfield,WB,0.72,28.0,23.9,1.81,150.6,0.6364,0.1953,0.5764,0.498,0.4666,0.4681
180,Garfield,WB,0.27,23.0,23.6,0.69,56.5,0.0519,0.0161,0.0471,0.0407,0.0382,0.0383
181,Garfield,WB,0.5,23.0,24.5,1.23,104.6,0.3506,0.102,0.3177,0.2727,0.2552,0.2562
185,87th,EB,0.5,25.0,26.1,1.15,104.6,0.3506,0.0899,0.3177,0.2691,0.2511,0.2526
187,North,EB,0.49,22.0,21.4,1.37,102.5,0.3377,0.1253,0.3059,0.2708,0.255,0.2549
188,North,EB,0.5,25.0,25.7,1.17,104.6,0.3506,0.0929,0.3177,0.27,0.2521,0.2535
189,North,EB,0.51,25.0,25.7,1.19,106.7,0.3636,0.0967,0.3294,0.2801,0.2616,0.263
190,North,EB,0.49,24.0,26.0,1.13,102.5,0.3377,0.0868,0.3059,0.2592,0.2419,0.2433
194,North,EB,0.72,25.0,25.5,1.7,150.6,0.6364,0.1772,0.5764,0.4926,0.4605,0.4627
195,North,EB,0.78,29.0,25.9,1.81,163.2,0.7143,0.1952,0.6471,0.5518,0.5156,0.5182
196,North,WB,0.56,31.0,28.3,1.19,117.2,0.4286,0.0956,0.3882,0.3246,0.302,0.3045
197,North,WB,0.5,30.0,27.9,1.07,104.6,0.3506,0.0779,0.3177,0.2655,0.247,0.249
198,North,WB,0.48,30.0,27.9,1.03,100.4,0.3247,0.0712,0.2941,0.2456,0.2284,0.2303
199,North,WB,0.51,27.0,27.1,1.13,106.7,0.3636,0.0869,0.3294,0.2772,0.2583,0.2601
202,North,WB,0.5,23.0,24.4,1.23,104.6,0.3506,0.1029,0.3177,0.273,0.2555,0.2565
203,North,WB,0.51,20.0,22.4,1.37,106.7,0.3636,0.1243,0.3294,0.2884,0.271,0.2713
204,North,WB,0.49,18.0,22.5,1.31,102.5,0.3377,0.1153,0.3059,0.2678,0.2516,0.2519
205,North,WB,0.5,18.0,22.9,1.31,104.6,0.3506,0.1155,0.3177,0.2768,0.2598,0.2603
209,North,WB,0.5,23.0,21.8,1.38,104.6,0.3506,0.126,0.3177,0.28,0.2634,0.2635
210,North,WB,0.28,25.0,24.1,0.7,58.6,0.0649,0.0174,0.0588,0.0501,0.0468,0.047
63,Pulaski,SB,0.5,29.0,28.2,1.07,104.6,0.3506,0.0764,0.3177,0.2651,0.2465,0.2486
64,Pulaski,SB,0.5,30.0,26.7,1.13,104.6,0.3506,0.086,0.3177,0.268,0.2498,0.2515
65,Pulaski,SB,0.5,26.0,25.4,1.18,104.6,0.3506,0.0947,0.3177,0.2706,0.2527,0.2541
66,Pulaski,SB,0.5,20.0,25.1,1.2,104.6,0.3506,0.0975,0.3177,0.2714,0.2537,0.2549
67,Pulaski,SB,1.0,30.0,29.2,2.05,209.2,1.0,0.234,0.9059,0.7608,0.7085,0.7137
72,Pulaski,SB,0.62,26.0,26.1,1.43,129.7,0.5065,0.1341,0.4588,0.39,0.3642,0.3662
73,Pulaski,SB,0.38,20.0,25.5,0.89,79.5,0.1948,0.0488,0.1765,0.1492,0.1391,0.14
74,Pulaski,SB,0.5,25.0,27.8,1.08,104.6,0.3506,0.0789,0.3177,0.2658,0.2474,0.2493
75,Pulaski,SB,0.53,28.0,28.2,1.13,110.9,0.3896,0.0864,0.3529,0.295,0.2744,0.2766
76,Pulaski,SB,0.95,27.0,28.2,2.02,198.8,0.9351,0.2289,0.847,0.7144,0.6659,0.6704
77,Pulaski,SB,0.5,26.0,26.3,1.14,104.6,0.3506,0.0883,0.3177,0.2687,0.2506,0.2522
78,Pulaski,SB,0.5,27.0,26.8,1.12,104.6,0.3506,0.0848,0.3177,0.2676,0.2494,0.2511
79,Pulaski,SB,0.5,25.0,25.9,1.16,104.6,0.3506,0.0914,0.3177,0.2696,0.2516,0.2531
80,Pulaski,SB,0.5,25.0,25.7,1.17,104.6,0.3506,0.0928,0.3177,0.27,0.2521,0.2535
81,Pulaski,SB,0.62,25.0,25.0,1.49,129.7,0.5065,0.1442,0.4588,0.393,0.3676,0.3692
82,Pulaski,SB,0.46,26.0,24.0,1.15,96.2,0.2987,0.0901,0.2706,0.2333,0.2185,0.2193
85,Pulaski,SB,0.5,29.0,27.6,1.09,104.6,0.3506,0.0796,0.3177,0.266,0.2476,0.2495
86,Pulaski,SB,0.24,20.0,20.4,0.71,50.2,0.013,0.019,0.0118,0.0147,0.0146,0.0141
92,Pulaski,SB,0.85,29.0,28.2,1.81,177.8,0.8052,0.1947,0.7294,0.6145,0.5726,0.5766
93,Pulaski,SB,0.4,29.0,25.5,0.94,83.7,0.2208,0.0566,0.2,0.1695,0.1581,0.1591
94,Pulaski,SB,0.6,27.0,26.4,1.36,125.5,0.4805,0.1238,0.4353,0.369,0.3443,0.3464
97,Pulaski,SB,0.5,21.0,24.6,1.22,104.6,0.3506,0.1007,0.3177,0.2724,0.2548,0.2559
101,Ashland,NB,0.5,26.0,27.0,1.11,104.6,0.3506,0.0837,0.3177,0.2673,0.249,0.2508
102,Ashland,NB,1.0,31.0,30.8,1.95,209.2,1.0,0.2173,0.9059,0.7558,0.7028,0.7087
103,Ashland,NB,0.5,29.0,26.8,1.12,104.6,0.3506,0.0848,0.3177,0.2676,0.2494,0.2511
104,Ashland,NB,0.5,27.0,26.8,1.12,104.6,0.3506,0.0848,0.3177,0.2676,0.2494,0.2511
122,Ashland,NB,0.55,26.0,26.6,1.24,115.1,0.4156,0.1044,0.3765,0.3183,0.2969,0.2988
123,Ashland,NB,0.45,23.0,24.7,1.09,94.2,0.2857,0.0808,0.2588,0.2215,0.2072,0.2081
124,Ashland,NB,0.5,28.0,25.8,1.16,104.6,0.3506,0.0923,0.3177,0.2698,0.2519,0.2533
125,Ashland,NB,0.5,20.0,24.9,1.2,104.6,0.3506,0.0984,0.3177,0.2717,0.254,0.2552
131,Ashland,NB,0.5,27.0,26.4,1.14,104.6,0.3506,0.088,0.3177,0.2686,0.2505,0.2521
132,Ashland,NB,0.23,10.0,13.9,0.99,62.6,0.0,0.0649,0.0812,0.0276,0.0489,0.0682
136,Ashland,SB,0.5,27.0,26.8,1.12,104.6,0.3506,0.0853,0.3177,0.2677,0.2495,0.2513
137,Ashland,SB,1.0,30.0,30.1,1.99,209.2,1.0,0.2242,0.9059,0.7578,0.7052,0.7108
139,Ashland,SB,0.5,27.0,26.8,1.12,104.6,0.3506,0.0847,0.3177,0.2676,0.2493,0.2511
140,Ashland,SB,0.5,28.0,24.9,1.2,104.6,0.3506,0.0986,0.3177,0.2717,0.2541,0.2552
141,Ashland,SB,0.5,31.0,27.7,1.08,104.6,0.3506,0.079,0.3177,0.2659,0.2474,0.2494
142,Ashland,SB,0.5,26.0,27.5,1.09,104.6,0.3506,0.0804,0.3177,0.2663,0.2479,0.2498
143,Ashland,SB,0.5,32.0,27.4,1.1,104.6,0.3506,0.0813,0.3177,0.2666,0.2482,0.2501
157,Ashland,SB,0.55,23.0,23.8,1.38,115.1,0.4156,0.1274,0.3765,0.3252,0.3047,0.3057
158,Ashland,SB,0.45,24.0,23.7,1.14,94.2,0.2857,0.0879,0.2588,0.2237,0.2096,0.2102
159,Ashland,SB,0.5,25.0,24.2,1.24,104.6,0.3506,0.1044,0.3177,0.2735,0.256,0.257
160,Ashland,SB,0.5,17.0,23.8,1.26,104.6,0.3506,0.1074,0.3177,0.2744,0.2571,0.2579
161,Ashland,SB,0.5,23.0,24.4,1.23,104.6,0.3506,0.1029,0.3177,0.273,0.2555,0.2565
162,Ashland,SB,0.5,24.0,24.4,1.23,104.6,0.3506,0.1029,0.3177,0.273,0.2555,0.2565
172,55th,WB,0.5,27.0,21.7,1.38,104.6,0.3506,0.1266,0.3177,0.2801,0.2636,0.2636
180,Garfield,WB,0.27,24.0,23.7,0.68,56.5,0.0519,0.0157,0.0471,0.0406,0.038,0.0381
181,Garfield,WB,0.5,25.0,24.6,1.22,104.6,0.3506,0.1012,0.3177,0.2725,0.255,0.256
182,87th,EB,0.51,24.0,24.6,1.25,106.7,0.3636,0.1051,0.3294,0.2827,0.2644,0.2655
183,87th,EB,0.5,22.0,23.7,1.26,104.6,0.3506,0.1081,0.3177,0.2746,0.2573,0.2581
184,87th,EB,0.49,31.0,28.0,1.05,102.5,0.3377,0.074,0.3059,0.2554,0.2375,0.2395
185,87th,EB,0.5,33.0,26.9,1.12,104.6,0.3506,0.0846,0.3177,0.2675,0.2493,0.251
187,North,EB,0.49,35.0,28.4,1.03,102.5,0.3377,0.0715,0.3059,0.2546,0.2367,0.2387
188,North,EB,0.5,27.0,26.9,1.12,104.6,0.3506,0.0846,0.3177,0.2675,0.2493,0.251
189,North,EB,0.51,31.0,26.9,1.14,106.7,0.3636,0.0881,0.3294,0.2776,0.2587,0.2605
190,North,EB,0.49,27.0,26.3,1.12,102.5,0.3377,0.085,0.3059,0.2587,0.2413,0.2428
191,North,EB,0.5,23.0,26.2,1.15,104.6,0.3506,0.0895,0.3177,0.269,0.251,0.2525
1,55th,EB,0.5,23.0,24.0,1.25,104.6,0.3506,0.1063,0.3177,0.274,0.2567,0.2575
2,55th,EB,0.5,20.0,22.5,1.33,104.6,0.3506,0.1189,0.3177,0.2778,0.261,0.2613
3,55th,EB,0.5,23.0,23.4,1.28,104.6,0.3506,0.1107,0.3177,0.2754,0.2582,0.2589
4,55th,EB,0.5,20.0,22.5,1.33,104.6,0.3506,0.1189,0.3177,0.2778,0.261,0.2613
9,Garfield,EB,0.72,11.0,13.5,3.21,195.8,0.6364,0.4182,0.8306,0.5903,0.6263,0.6874
10,Garfield,EB,0.27,22.0,22.4,0.72,56.5,0.0519,0.0218,0.0471,0.0424,0.0401,0.04
11,Garfield,EB,0.5,25.0,24.9,1.21,104.6,0.3506,0.099,0.3177,0.2719,0.2542,0.2554
32,Pulaski,NB,0.62,13.0,16.2,2.3,168.6,0.5065,0.273,0.6777,0.4536,0.4836,0.5392
33,Pulaski,NB,0.38,22.0,25.2,0.91,79.5,0.1948,0.0509,0.1765,0.1498,0.1398,0.1406
34,Pulaski,NB,0.5,26.0,27.1,1.11,104.6,0.3506,0.0829,0.3177,0.267,0.2487,0.2505
35,Pulaski,NB,0.53,37.0,28.6,1.11,110.9,0.3896,0.0839,0.3529,0.2942,0.2736,0.2759
39,Pulaski,NB,0.5,25.0,27.9,1.07,104.6,0.3506,0.0778,0.3177,0.2655,0.247,0.249
40,Pulaski,NB,0.5,31.0,25.9,1.16,104.6,0.3506,0.0912,0.3177,0.2695,0.2515,0.253
41,Pulaski,NB,0.62,26.0,25.4,1.47,129.7,0.5065,0.1405,0.4588,0.3919,0.3663,0.3681
44,Pulaski,NB,0.68,22.0,24.4,1.68,142.3,0.5844,0.1737,0.5294,0.4557,0.4266,0.4282
48,Pulaski,NB,0.5,27.0,26.7,1.13,104.6,0.3506,0.086,0.3177,0.268,0.2498,0.2515
49,Pulaski,NB,0.5,20.0,26.5,1.13,104.6,0.3506,0.0874,0.3177,0.2684,0.2503,0.2519
50,Pulaski,NB,0.5,26.0,26.9,1.11,104.6,0.3506,0.0841,0.3177,0.2674,0.2491,0.2509
51,Pulaski,NB,0.65,22.0,24.3,1.61,136.0,0.5455,0.1629,0.4941,0.4256,0.3984,0.3999
52,Pulaski,NB,0.85,26.0,25.8,1.97,177.8,0.8052,0.2215,0.7294,0.6225,0.5817,0.5846
54,Pulaski,NB,0.6,0.0,5.3,6.85,226.0,0.4805,1.0,1.0,0.6883,0.8286,0.9481
56,Pulaski,NB,0.5,33.0,29.1,1.03,104.6,0.3506,0.071,0.3177,0.2634,0.2447,0.247
57,Pulaski,NB,0.5,26.0,27.6,1.09,104.6,0.3506,0.08,0.3177,0.2662,0.2478,0.2497
63,Pulaski,SB,0.5,26.0,27.8,1.08,104.6,0.3506,0.0788,0.3177,0.2658,0.2473,0.2493
64,Pulaski,SB,0.5,29.0,28.4,1.06,104.6,0.3506,0.0751,0.3177,0.2647,0.2461,0.2482
65,Pulaski,SB,0.5,25.0,25.0,1.2,104.6,0.3506,0.0976,0.3177,0.2714,0.2537,0.255
194,North,EB,0.72,25.0,25.9,1.67,150.6,0.6364,0.1725,0.5764,0.4912,0.4589,0.4612
195,North,EB,0.78,29.0,28.0,1.67,163.2,0.7143,0.1735,0.6471,0.5453,0.5083,0.5117
201,North,WB,0.5,28.0,27.7,1.08,104.6,0.3506,0.0794,0.3177,0.266,0.2476,0.2495
202,North,WB,0.5,32.0,25.1,1.2,104.6,0.3506,0.0973,0.3177,0.2713,0.2536,0.2548
203,North,WB,0.51,26.0,23.3,1.31,106.7,0.3636,0.1156,0.3294,0.2858,0.268,0.2687
204,North,WB,0.49,27.0,23.6,1.24,102.5,0.3377,0.1049,0.3059,0.2647,0.248,0.2488
205,North,WB,0.5,20.0,22.4,1.34,104.6,0.3506,0.1205,0.3177,0.2783,0.2615,0.2618
206,North,WB,0.51,23.0,21.3,1.44,106.7,0.3636,0.1361,0.3294,0.2919,0.275,0.2748
207,North,WB,0.49,19.0,21.3,1.38,102.5,0.3377,0.1262,0.3059,0.271,0.2553,0.2551
208,North,WB,0.5,14.0,18.8,1.59,104.6,0.3506,0.1605,0.3177,0.2903,0.2751,0.2738
210,North,WB,0.28,19.0,20.6,0.82,58.6,0.0649,0.0367,0.0588,0.0559,0.0533,0.0528
66,Pulaski,SB,0.5,22.0,24.5,1.22,104.6,0.3506,0.1016,0.3177,0.2726,0.2551,0.2561
67,Pulaski,SB,1.0,19.0,25.0,2.4,209.2,1.0,0.2892,0.9059,0.7774,0.7273,0.7303
72,Pulaski,SB,0.62,25.0,22.5,1.65,129.7,0.5065,0.1703,0.4588,0.4009,0.3764,0.377
73,Pulaski,SB,0.38,29.0,24.2,0.94,79.5,0.1948,0.0571,0.1765,0.1516,0.1419,0.1425
74,Pulaski,SB,0.5,35.0,27.6,1.09,104.6,0.3506,0.0796,0.3177,0.266,0.2476,0.2496
75,Pulaski,SB,0.53,30.0,27.9,1.14,110.9,0.3896,0.0885,0.3529,0.2956,0.2751,0.2773
76,Pulaski,SB,0.95,27.0,27.1,2.1,198.8,0.9351,0.242,0.847,0.7183,0.6704,0.6743
77,Pulaski,SB,0.5,23.0,26.2,1.14,104.6,0.3506,0.0889,0.3177,0.2688,0.2508,0.2523
78,Pulaski,SB,0.5,24.0,26.5,1.13,104.6,0.3506,0.0869,0.3177,0.2682,0.2501,0.2517
79,Pulaski,SB,0.5,23.0,23.9,1.26,104.6,0.3506,0.1067,0.3177,0.2742,0.2568,0.2577
80,Pulaski,SB,0.5,30.0,27.1,1.11,104.6,0.3506,0.0832,0.3177,0.2671,0.2488,0.2506
81,Pulaski,SB,0.62,22.0,24.3,1.53,129.7,0.5065,0.1503,0.4588,0.3949,0.3696,0.371
82,Pulaski,SB,0.46,20.0,23.4,1.18,96.2,0.2987,0.095,0.2706,0.2348,0.2202,0.2207
85,Pulaski,SB,0.5,25.0,27.1,1.11,104.6,0.3506,0.0832,0.3177,0.2671,0.2488,0.2506
86,Pulaski,SB,0.24,20.0,20.9,0.69,50.2,0.013,0.0166,0.0118,0.014,0.0138,0.0133
87,Pulaski,SB,0.5,28.0,25.6,1.17,104.6,0.3506,0.0937,0.3177,0.2703,0.2524,0.2538
88,Pulaski,SB,0.5,23.0,25.6,1.17,104.6,0.3506,0.0937,0.3177,0.2703,0.2524,0.2538
89,Pulaski,SB,0.5,18.0,23.4,1.28,104.6,0.3506,0.1106,0.3177,0.2753,0.2581,0.2588
90,Pulaski,SB,0.5,30.0,27.1,1.11,104.6,0.3506,0.0832,0.3177,0.2671,0.2488,0.2506
91,Pulaski,SB,0.65,30.0,26.5,1.47,136.0,0.5455,0.1412,0.4941,0.419,0.3911,0.3934
92,Pulaski,SB,0.85,29.0,29.2,1.75,177.8,0.8052,0.1849,0.7294,0.6115,0.5693,0.5736
95,Pulaski,SB,0.5,14.0,24.5,1.23,104.6,0.3506,0.102,0.3177,0.2727,0.2552,0.2562
96,Pulaski,SB,0.5,28.0,24.5,1.23,104.6,0.3506,0.102,0.3177,0.2727,0.2552,0.2562
97,Pulaski,SB,0.5,23.0,24.6,1.22,104.6,0.3506,0.1009,0.3177,0.2724,0.2548,0.2559
104,Ashland,NB,0.5,28.0,27.1,1.11,104.6,0.3506,0.0829,0.3177,0.267,0.2487,0.2505
106,Ashland,NB,0.5,29.0,26.8,1.12,104.6,0.3506,0.0849,0.3177,0.2676,0.2494,0.2511
107,Ashland,NB,0.5,31.0,26.8,1.12,104.6,0.3506,0.0849,0.3177,0.2676,0.2494,0.2511
108,Ashland,NB,0.5,30.0,26.8,1.12,104.6,0.3506,0.0849,0.3177,0.2676,0.2494,0.2511
111,Ashland,NB,0.5,27.0,26.7,1.12,104.6,0.3506,0.0858,0.3177,0.2679,0.2497,0.2514
112,Ashland,NB,0.5,25.0,26.4,1.14,104.6,0.3506,0.0877,0.3177,0.2685,0.2504,0.252
127,Ashland,NB,0.5,35.0,25.1,1.2,104.6,0.3506,0.0973,0.3177,0.2714,0.2536,0.2549
129,Ashland,NB,0.5,26.0,25.9,1.16,104.6,0.3506,0.0912,0.3177,0.2695,0.2516,0.253
131,Ashland,NB,0.5,20.0,24.9,1.2,104.6,0.3506,0.0986,0.3177,0.2717,0.2541,0.2552
134,Ashland,SB,0.5,25.0,25.1,1.2,104.6,0.3506,0.0973,0.3177,0.2714,0.2536,0.2549
135,Ashland,SB,0.5,25.0,26.0,1.16,104.6,0.3506,0.0908,0.3177,0.2694,0.2514,0.2529
136,Ashland,SB,0.5,28.0,25.8,1.16,104.6,0.3506,0.0919,0.3177,0.2697,0.2518,0.2532
137,Ashland,SB,1.0,26.0,26.5,2.26,209.2,1.0,0.2672,0.9059,0.7707,0.7198,0.7237
142,Ashland,SB,0.5,29.0,25.1,1.2,104.6,0.3506,0.0973,0.3177,0.2714,0.2536,0.2549
143,Ashland,SB,0.5,26.0,24.9,1.2,104.6,0.3506,0.0986,0.3177,0.2717,0.2541,0.2552
147,Ashland,SB,0.5,26.0,26.3,1.14,104.6,0.3506,0.0887,0.3177,0.2688,0.2507,0.2523
148,Ashland,SB,1.0,36.0,29.9,2.01,209.2,1.0,0.2268,0.9059,0.7586,0.7061,0.7116
149,Ashland,SB,0.4,30.0,25.6,0.94,83.7,0.2208,0.0562,0.2,0.1693,0.158,0.159
150,Ashland,SB,0.6,25.0,22.5,1.6,125.5,0.4805,0.1614,0.4353,0.3803,0.3571,0.3577
151,Ashland,SB,0.5,32.0,24.9,1.21,104.6,0.3506,0.0988,0.3177,0.2718,0.2541,0.2553
152,Ashland,SB,0.6,15.0,21.8,1.65,125.5,0.4805,0.1705,0.4353,0.383,0.3602,0.3604
153,Ashland,SB,0.53,18.0,22.9,1.39,110.9,0.3896,0.1282,0.3529,0.3075,0.2886,0.2892
155,Ashland,SB,0.55,25.0,24.8,1.33,115.1,0.4156,0.1189,0.3765,0.3227,0.3018,0.3031
159,Ashland,SB,0.5,17.0,22.0,1.36,104.6,0.3506,0.1236,0.3177,0.2792,0.2626,0.2628
160,Ashland,SB,0.5,20.0,22.7,1.32,104.6,0.3506,0.1177,0.3177,0.2775,0.2606,0.261
161,Ashland,SB,0.5,22.0,22.9,1.31,104.6,0.3506,0.1152,0.3177,0.2767,0.2597,0.2602
162,Ashland,SB,0.5,18.0,22.2,1.35,104.6,0.3506,0.1219,0.3177,0.2787,0.262,0.2622
7,Garfield,EB,0.5,30.0,28.5,1.05,104.6,0.3506,0.0744,0.3177,0.2645,0.2458,0.248
8,Garfield,EB,0.5,30.0,28.5,1.05,104.6,0.3506,0.0742,0.3177,0.2644,0.2458,0.2479
169,55th,WB,0.46,24.0,24.4,1.13,96.2,0.2987,0.0871,0.2706,0.2324,0.2175,0.2183
179,Garfield,WB,0.72,31.0,27.8,1.55,150.6,0.6364,0.154,0.5764,0.4857,0.4526,0.4557
180,Garfield,WB,0.27,21.0,19.7,0.82,56.5,0.0519,0.0378,0.0471,0.0472,0.0455,0.0448
181,Garfield,WB,0.5,23.0,22.6,1.33,104.6,0.3506,0.1186,0.3177,0.2777,0.2609,0.2612
185,87th,EB,0.5,26.0,24.5,1.23,104.6,0.3506,0.1022,0.3177,0.2728,0.2553,0.2563
186,North,EB,0.51,29.0,25.0,1.22,106.7,0.3636,0.1017,0.3294,0.2816,0.2633,0.2645
187,North,EB,0.49,26.0,24.2,1.21,102.5,0.3377,0.1002,0.3059,0.2632,0.2464,0.2473
188,North,EB,0.5,22.0,23.9,1.25,104.6,0.3506,0.1064,0.3177,0.2741,0.2567,0.2576
189,North,EB,0.51,26.0,24.2,1.27,106.7,0.3636,0.1083,0.3294,0.2836,0.2655,0.2665
194,North,EB,0.72,20.0,21.9,1.98,150.6,0.6364,0.2216,0.5764,0.506,0.4756,0.476
195,North,EB,0.78,21.0,23.9,1.96,163.2,0.7143,0.2185,0.6471,0.5588,0.5235,0.5252
198,North,WB,0.48,27.0,26.3,1.1,100.4,0.3247,0.0815,0.2941,0.2487,0.2319,0.2334
199,North,WB,0.51,18.0,22.2,1.38,106.7,0.3636,0.1267,0.3294,0.2891,0.2718,0.272
200,North,WB,0.51,27.0,25.7,1.19,106.7,0.3636,0.0965,0.3294,0.2801,0.2615,0.263
201,North,WB,0.5,26.0,25.5,1.18,104.6,0.3506,0.0945,0.3177,0.2705,0.2527,0.254
202,North,WB,0.5,18.0,22.5,1.34,104.6,0.3506,0.1195,0.3177,0.278,0.2612,0.2615
203,North,WB,0.51,17.0,22.2,1.38,106.7,0.3636,0.1265,0.3294,0.2891,0.2717,0.272
204,North,WB,0.49,24.0,25.9,1.14,102.5,0.3377,0.0876,0.3059,0.2595,0.2422,0.2436
206,North,WB,0.51,25.0,24.5,1.25,106.7,0.3636,0.1054,0.3294,0.2827,0.2645,0.2656
207,North,WB,0.49,26.0,22.7,1.3,102.5,0.3377,0.1135,0.3059,0.2672,0.2509,0.2513
208,North,WB,0.5,18.0,21.2,1.41,104.6,0.3506,0.132,0.3177,0.2818,0.2654,0.2653
209,North,WB,0.5,26.0,23.6,1.27,104.6,0.3506,0.109,0.3177,0.2749,0.2576,0.2584
210,North,WB,0.28,19.0,19.3,0.87,58.6,0.0649,0.0452,0.0588,0.0584,0.0562,0.0553
9,Garfield,EB,0.72,34.0,25.7,1.68,150.6,0.6364,0.1742,0.5764,0.4917,0.4595,0.4618
10,Garfield,EB,0.27,26.0,26.8,0.6,56.5,0.0519,0.0029,0.0471,0.0367,0.0337,0.0343
14,55th,WB,0.5,27.0,29.4,1.02,104.6,0.3506,0.0695,0.3177,0.263,0.2442,0.2465
27,Pulaski,NB,1.0,23.0,21.7,2.76,209.2,1.0,0.3472,0.9059,0.7947,0.747,0.7477
37,Pulaski,NB,0.5,23.0,27.9,1.08,104.6,0.3506,0.078,0.3177,0.2655,0.2471,0.2491
38,Pulaski,NB,0.5,27.0,28.5,1.05,104.6,0.3506,0.0745,0.3177,0.2645,0.2459,0.248
39,Pulaski,NB,0.5,26.0,25.5,1.17,104.6,0.3506,0.0939,0.3177,0.2703,0.2525,0.2538
41,Pulaski,NB,0.62,26.0,23.9,1.56,129.7,0.5065,0.1548,0.4588,0.3962,0.3712,0.3724
42,Pulaski,NB,0.46,23.0,25.6,1.08,96.2,0.2987,0.0788,0.2706,0.2299,0.2146,0.2159
43,Pulaski,NB,0.24,27.0,22.9,0.63,50.2,0.013,0.007,0.0118,0.0111,0.0105,0.0104
44,Pulaski,NB,0.68,29.0,24.4,1.67,142.3,0.5844,0.1734,0.5294,0.4556,0.4265,0.4281
48,Pulaski,NB,0.5,18.0,26.9,1.11,104.6,0.3506,0.0841,0.3177,0.2674,0.2491,0.2509
49,Pulaski,NB,0.5,25.0,26.9,1.11,104.6,0.3506,0.0841,0.3177,0.2674,0.2491,0.2509
50,Pulaski,NB,0.5,26.0,27.4,1.09,104.6,0.3506,0.0809,0.3177,0.2664,0.2481,0.2499
51,Pulaski,NB,0.65,23.0,25.6,1.53,136.0,0.5455,0.1499,0.4941,0.4216,0.394,0.396
55,Pulaski,NB,0.5,23.0,26.2,1.15,104.6,0.3506,0.0894,0.3177,0.269,0.2509,0.2525
56,Pulaski,NB,0.5,27.0,28.6,1.05,104.6,0.3506,0.0739,0.3177,0.2643,0.2457,0.2478
57,Pulaski,NB,0.5,26.0,28.1,1.07,104.6,0.3506,0.077,0.3177,0.2653,0.2467,0.2488
67,Pulaski,SB,1.0,32.0,27.0,2.22,209.2,1.0,0.2608,0.9059,0.7688,0.7176,0.7217
81,Pulaski,SB,0.62,23.0,22.6,1.65,129.7,0.5065,0.1693,0.4588,0.4006,0.3761,0.3767
82,Pulaski,SB,0.46,24.0,23.5,1.17,96.2,0.2987,0.0938,0.2706,0.2344,0.2198,0.2204
85,Pulaski,SB,0.5,25.0,26.5,1.13,104.6,0.3506,0.0872,0.3177,0.2683,0.2502,0.2518
86,Pulaski,SB,0.24,20.0,21.2,0.68,50.2,0.013,0.0148,0.0118,0.0134,0.0132,0.0128
87,Pulaski,SB,0.5,25.0,26.8,1.12,104.6,0.3506,0.0848,0.3177,0.2676,0.2494,0.2511
91,Pulaski,SB,0.65,25.0,23.5,1.66,136.0,0.5455,0.1715,0.4941,0.4281,0.4014,0.4025
92,Pulaski,SB,0.85,29.0,27.8,1.83,177.8,0.8052,0.1988,0.7294,0.6157,0.574,0.5778
93,Pulaski,SB,0.4,23.0,25.6,0.94,83.7,0.2208,0.0561,0.2,0.1693,0.1579,0.1589
97,Pulaski,SB,0.5,17.0,24.4,1.23,104.6,0.3506,0.1023,0.3177,0.2729,0.2553,0.2564
102,Ashland,NB,1.0,28.0,27.2,2.2,209.2,1.0,0.2578,0.9059,0.7679,0.7166,0.7209
103,Ashland,NB,0.5,25.0,26.8,1.12,104.6,0.3506,0.0853,0.3177,0.2677,0.2495,0.2512
104,Ashland,NB,0.5,25.0,26.9,1.12,104.6,0.3506,0.0847,0.3177,0.2676,0.2493,0.2511
105,Ashland,NB,0.5,29.0,25.5,1.18,104.6,0.3506,0.0943,0.3177,0.2704,0.2526,0.2539
106,Ashland,NB,0.5,28.0,26.8,1.12,104.6,0.3506,0.0853,0.3177,0.2677,0.2495,0.2512
110,Ashland,NB,0.5,30.0,27.6,1.09,104.6,0.3506,0.0799,0.3177,0.2661,0.2477,0.2496
111,Ashland,NB,0.5,32.0,26.5,1.13,104.6,0.3506,0.087,0.3177,0.2683,0.2501,0.2518
112,Ashland,NB,0.5,26.0,26.7,1.12,104.6,0.3506,0.0858,0.3177,0.2679,0.2497,0.2514
122,Ashland,NB,0.55,27.0,25.1,1.32,115.1,0.4156,0.1164,0.3765,0.3219,0.301,0.3024
123,Ashland,NB,0.45,20.0,23.2,1.16,94.2,0.2857,0.0919,0.2588,0.2249,0.211,0.2115
124,Ashland,NB,0.5,18.0,25.3,1.19,104.6,0.3506,0.0956,0.3177,0.2708,0.253,0.2543
125,Ashland,NB,0.5,24.0,26.6,1.13,104.6,0.3506,0.0862,0.3177,0.268,0.2498,0.2515
126,Ashland,NB,0.5,33.0,24.8,1.21,104.6,0.3506,0.0997,0.3177,0.2721,0.2545,0.2556
127,Ashland,NB,0.5,20.0,24.0,1.25,104.6,0.3506,0.1061,0.3177,0.274,0.2566,0.2575
129,Ashland,NB,0.5,26.0,26.0,1.15,104.6,0.3506,0.0907,0.3177,0.2694,0.2514,0.2529
131,Ashland,NB,0.5,24.0,25.2,1.19,104.6,0.3506,0.0967,0.3177,0.2712,0.2534,0.2547
133,Ashland,SB,0.5,37.0,23.7,1.27,104.6,0.3506,0.1085,0.3177,0.2747,0.2574,0.2582
134,Ashland,SB,0.5,25.0,25.1,1.2,104.6,0.3506,0.0973,0.3177,0.2714,0.2536,0.2549
135,Ashland,SB,0.5,35.0,25.1,1.2,104.6,0.3506,0.0973,0.3177,0.2714,0.2536,0.2549
136,Ashland,SB,0.5,31.0,25.6,1.17,104.6,0.3506,0.0933,0.3177,0.2701,0.2523,0.2536
137,Ashland,SB,1.0,31.0,26.3,2.28,209.2,1.0,0.2708,0.9059,0.7718,0.721,0.7248
138,Ashland,SB,0.5,24.0,24.9,1.2,104.6,0.3506,0.0986,0.3177,0.2717,0.2541,0.2552
139,Ashland,SB,0.5,25.0,25.2,1.19,104.6,0.3506,0.0967,0.3177,0.2712,0.2534,0.2547
140,Ashland,SB,0.5,25.0,23.7,1.27,104.6,0.3506,0.1085,0.3177,0.2747,0.2574,0.2582
141,Ashland,SB,0.5,21.0,24.0,1.25,104.6,0.3506,0.1061,0.3177,0.274,0.2566,0.2575
145,Ashland,SB,0.5,25.0,24.8,1.21,104.6,0.3506,0.0993,0.3177,0.272,0.2543,0.2555
146,Ashland,SB,0.5,20.0,25.4,1.18,104.6,0.3506,0.0946,0.3177,0.2705,0.2527,0.254
147,Ashland,SB,0.5,24.0,24.8,1.21,104.6,0.3506,0.0993,0.3177,0.272,0.2543,0.2555
148,Ashland,SB,1.0,28.0,25.9,2.32,209.2,1.0,0.2767,0.9059,0.7736,0.723,0.7265
150,Ashland,SB,0.6,29.0,22.9,1.57,125.5,0.4805,0.1577,0.4353,0.3792,0.3558,0.3565
151,Ashland,SB,0.5,28.0,24.2,1.24,104.6,0.3506,0.1038,0.3177,0.2733,0.2558,0.2568
152,Ashland,SB,0.6,20.0,22.2,1.62,125.5,0.4805,0.1651,0.4353,0.3814,0.3583,0.3588
156,Ashland,SB,0.45,23.0,23.4,1.15,94.2,0.2857,0.0902,0.2588,0.2244,0.2104,0.2109
157,Ashland,SB,0.55,27.0,22.9,1.44,115.1,0.4156,0.1365,0.3765,0.328,0.3078,0.3084
158,Ashland,SB,0.45,29.0,22.0,1.23,94.2,0.2857,0.102,0.2588,0.2279,0.2144,0.2145
159,Ashland,SB,0.5,31.0,22.7,1.32,104.6,0.3506,0.1177,0.3177,0.2775,0.2606,0.261
160,Ashland,SB,0.5,28.0,22.7,1.32,104.6,0.3506,0.1177,0.3177,0.2775,0.2606,0.261
161,Ashland,SB,0.5,23.0,24.7,1.21,104.6,0.3506,0.1001,0.3177,0.2722,0.2546,0.2557
169,55th,WB,0.46,28.0,23.0,1.2,96.2,0.2987,0.098,0.2706,0.2357,0.2212,0.2216
170,55th,WB,0.5,28.0,23.4,1.28,104.6,0.3506,0.1112,0.3177,0.2755,0.2583,0.259
171,55th,WB,0.5,29.0,23.4,1.28,104.6,0.3506,0.1112,0.3177,0.2755,0.2583,0.259
172,55th,WB,0.5,26.0,23.1,1.3,104.6,0.3506,0.1134,0.3177,0.2762,0.2591,0.2597
183,87th,EB,0.5,33.0,22.1,1.36,104.6,0.3506,0.1235,0.3177,0.2792,0.2625,0.2627
184,87th,EB,0.49,30.0,24.9,1.18,102.5,0.3377,0.0948,0.3059,0.2616,0.2446,0.2457
185,87th,EB,0.5,34.0,24.2,1.24,104.6,0.3506,0.1043,0.3177,0.2735,0.256,0.257
186,North,EB,0.51,25.0,24.2,1.27,106.7,0.3636,0.1083,0.3294,0.2836,0.2655,0.2665
187,North,EB,0.49,22.0,24.2,1.21,102.5,0.3377,0.1002,0.3059,0.2632,0.2464,0.2473
188,North,EB,0.5,23.0,24.1,1.24,104.6,0.3506,0.1051,0.3177,0.2737,0.2563,0.2572
200,North,WB,0.51,27.0,20.8,1.47,106.7,0.3636,0.1412,0.3294,0.2935,0.2767,0.2764
201,North,WB,0.5,27.0,22.3,1.34,104.6,0.3506,0.1208,0.3177,0.2784,0.2616,0.2619
202,North,WB,0.5,27.0,22.5,1.34,104.6,0.3506,0.1195,0.3177,0.278,0.2612,0.2615
203,North,WB,0.51,18.0,21.9,1.4,106.7,0.3636,0.1293,0.3294,0.2899,0.2727,0.2728
204,North,WB,0.49,24.0,25.9,1.14,102.5,0.3377,0.0878,0.3059,0.2595,0.2422,0.2436
208,North,WB,0.5,23.0,19.6,1.53,104.6,0.3506,0.1506,0.3177,0.2873,0.2717,0.2708
2,55th,EB,0.5,27.0,28.2,1.06,104.6,0.3506,0.0762,0.3177,0.265,0.2464,0.2485
3,55th,EB,0.5,26.0,28.1,1.07,104.6,0.3506,0.0765,0.3177,0.2651,0.2466,0.2486
4,55th,EB,0.5,25.0,27.2,1.1,104.6,0.3506,0.0822,0.3177,0.2668,0.2485,0.2503
5,Garfield,EB,0.5,29.0,28.6,1.05,104.6,0.3506,0.0739,0.3177,0.2643,0.2457,0.2478
6,Garfield,EB,0.5,27.0,28.6,1.05,104.6,0.3506,0.0739,0.3177,0.2643,0.2457,0.2478
9,Garfield,EB,0.72,12.0,19.5,2.22,150.6,0.6364,0.26,0.5764,0.5175,0.4886,0.4875
10,Garfield,EB,0.27,27.0,26.7,0.61,56.5,0.0519,0.0032,0.0471,0.0368,0.0338,0.0344
11,Garfield,EB,0.5,21.0,24.9,1.21,104.6,0.3506,0.0987,0.3177,0.2718,0.2541,0.2553
12,Archer,WB,0.5,28.0,29.8,1.01,104.6,0.3506,0.0669,0.3177,0.2622,0.2433,0.2457
13,Archer,WB,0.5,28.0,29.8,1.01,104.6,0.3506,0.0669,0.3177,0.2622,0.2433,0.2457
14,55th,WB,0.5,27.0,29.4,1.02,104.6,0.3506,0.0695,0.3177,0.263,0.2442,0.2465
37,Pulaski,NB,0.5,30.0,27.9,1.08,104.6,0.3506,0.078,0.3177,0.2655,0.2471,0.2491
38,Pulaski,NB,0.5,31.0,27.9,1.08,104.6,0.3506,0.078,0.3177,0.2655,0.2471,0.2491
39,Pulaski,NB,0.5,27.0,25.5,1.17,104.6,0.3506,0.0939,0.3177,0.2703,0.2525,0.2538
40,Pulaski,NB,0.5,24.0,27.6,1.09,104.6,0.3506,0.0801,0.3177,0.2662,0.2478,0.2497
41,Pulaski,NB,0.62,21.0,24.7,1.5,129.7,0.5065,0.1464,0.4588,0.3937,0.3683,0.3698
42,Pulaski,NB,0.46,16.0,23.7,1.16,96.2,0.2987,0.0922,0.2706,0.2339,0.2192,0.2199
44,Pulaski,NB,0.68,29.0,25.3,1.61,142.3,0.5844,0.1635,0.5294,0.4526,0.4232,0.4252
45,Pulaski,NB,0.5,25.0,25.6,1.17,104.6,0.3506,0.0936,0.3177,0.2702,0.2524,0.2537
46,Pulaski,NB,0.24,21.0,22.9,0.63,50.2,0.013,0.0066,0.0118,0.0109,0.0104,0.0103
47,Pulaski,NB,0.5,29.0,24.5,1.22,104.6,0.3506,0.1016,0.3177,0.2726,0.2551,0.2562
48,Pulaski,NB,0.5,21.0,26.9,1.12,104.6,0.3506,0.0845,0.3177,0.2675,0.2493,0.251
49,Pulaski,NB,0.5,25.0,26.9,1.11,104.6,0.3506,0.0841,0.3177,0.2674,0.2491,0.2509
50,Pulaski,NB,0.5,28.0,25.0,1.2,104.6,0.3506,0.0978,0.3177,0.2715,0.2538,0.255
52,Pulaski,NB,0.85,23.0,27.2,1.87,177.8,0.8052,0.2051,0.7294,0.6176,0.5762,0.5797
53,Pulaski,NB,0.4,27.0,26.4,0.91,83.7,0.2208,0.0516,0.2,0.1679,0.1564,0.1576
54,Pulaski,NB,0.6,24.0,23.8,1.51,125.5,0.4805,0.1478,0.4353,0.3762,0.3525,0.3536
55,Pulaski,NB,0.5,20.0,23.8,1.26,104.6,0.3506,0.1073,0.3177,0.2743,0.257,0.2578
209,North,WB,0.5,22.0,21.0,1.43,104.6,0.3506,0.134,0.3177,0.2824,0.2661,0.2659
210,North,WB,0.28,27.0,23.8,0.7,58.6,0.0649,0.0189,0.0588,0.0505,0.0473,0.0475
67,Pulaski,SB,1.0,32.0,27.6,2.18,209.2,1.0,0.2539,0.9059,0.7668,0.7153,0.7197
77,Pulaski,SB,0.5,28.0,25.8,1.16,104.6,0.3506,0.0921,0.3177,0.2698,0.2519,0.2533
78,Pulaski,SB,0.5,30.0,25.7,1.17,104.6,0.3506,0.0925,0.3177,0.2699,0.252,0.2534
82,Pulaski,SB,0.46,24.0,21.0,1.32,96.2,0.2987,0.1166,0.2706,0.2413,0.2275,0.2272
85,Pulaski,SB,0.5,14.0,23.4,1.28,104.6,0.3506,0.1114,0.3177,0.2756,0.2584,0.2591
89,Pulaski,SB,0.5,23.0,25.7,1.17,104.6,0.3506,0.0925,0.3177,0.2699,0.252,0.2534
90,Pulaski,SB,0.5,28.0,27.2,1.1,104.6,0.3506,0.0821,0.3177,0.2668,0.2485,0.2503
98,Ashland,NB,0.5,38.0,26.8,1.12,104.6,0.3506,0.0852,0.3177,0.2677,0.2495,0.2512
91,Pulaski,SB,0.65,28.0,25.6,1.53,136.0,0.5455,0.1499,0.4941,0.4217,0.394,0.396
92,Pulaski,SB,0.85,27.0,30.6,1.67,177.8,0.8052,0.1727,0.7294,0.6079,0.5651,0.57
99,Ashland,NB,0.5,31.0,26.8,1.12,104.6,0.3506,0.0853,0.3177,0.2677,0.2495,0.2512
100,Ashland,NB,0.5,31.0,24.4,1.23,104.6,0.3506,0.1023,0.3177,0.2729,0.2553,0.2564
101,Ashland,NB,0.5,36.0,26.9,1.12,104.6,0.3506,0.0847,0.3177,0.2676,0.2493,0.2511
102,Ashland,NB,1.0,30.0,28.1,2.14,209.2,1.0,0.2475,0.9059,0.7648,0.7131,0.7178
103,Ashland,NB,0.5,23.0,26.8,1.12,104.6,0.3506,0.0853,0.3177,0.2677,0.2495,0.2512
104,Ashland,NB,0.5,25.0,26.8,1.12,104.6,0.3506,0.085,0.3177,0.2677,0.2495,0.2512
105,Ashland,NB,0.5,27.0,24.4,1.23,104.6,0.3506,0.1023,0.3177,0.2729,0.2553,0.2564
106,Ashland,NB,0.5,19.0,26.5,1.13,104.6,0.3506,0.0871,0.3177,0.2683,0.2502,0.2518
110,Ashland,NB,0.5,29.0,27.6,1.09,104.6,0.3506,0.0799,0.3177,0.2661,0.2477,0.2496
111,Ashland,NB,0.5,34.0,25.2,1.19,104.6,0.3506,0.0962,0.3177,0.271,0.2533,0.2545
112,Ashland,NB,0.5,31.0,25.0,1.2,104.6,0.3506,0.0978,0.3177,0.2715,0.2538,0.255
113,Ashland,NB,1.0,31.0,27.5,2.18,209.2,1.0,0.2541,0.9059,0.7668,0.7153,0.7197
117,Ashland,NB,0.6,16.0,22.9,1.57,125.5,0.4805,0.1571,0.4353,0.379,0.3556,0.3564
118,Ashland,NB,0.53,25.0,25.0,1.27,110.9,0.3896,0.1095,0.3529,0.3019,0.2823,0.2836
119,Ashland,NB,0.35,16.0,23.6,0.89,73.2,0.1558,0.0485,0.1411,0.1222,0.1145,0.1148
120,Ashland,NB,0.55,18.0,25.0,1.32,115.1,0.4156,0.1172,0.3765,0.3222,0.3012,0.3026
